-- MySQL dump 10.13  Distrib 8.0.36, for Linux (x86_64)
--
-- Host: 127.0.0.1    Database: Ej1
-- ------------------------------------------------------
-- Server version	8.0.36-0ubuntu0.22.04.1

/*!40101 SET @OLD_CHARACTER_SET_CLIENT=@@CHARACTER_SET_CLIENT */;
/*!40101 SET @OLD_CHARACTER_SET_RESULTS=@@CHARACTER_SET_RESULTS */;
/*!40101 SET @OLD_COLLATION_CONNECTION=@@COLLATION_CONNECTION */;
/*!50503 SET NAMES utf8 */;
/*!40103 SET @OLD_TIME_ZONE=@@TIME_ZONE */;
/*!40103 SET TIME_ZONE='+00:00' */;
/*!40014 SET @OLD_UNIQUE_CHECKS=@@UNIQUE_CHECKS, UNIQUE_CHECKS=0 */;
/*!40014 SET @OLD_FOREIGN_KEY_CHECKS=@@FOREIGN_KEY_CHECKS, FOREIGN_KEY_CHECKS=0 */;
/*!40101 SET @OLD_SQL_MODE=@@SQL_MODE, SQL_MODE='NO_AUTO_VALUE_ON_ZERO' */;
/*!40111 SET @OLD_SQL_NOTES=@@SQL_NOTES, SQL_NOTES=0 */;

--
-- Table structure for table `CAMIONEROS`
--

DROP TABLE IF EXISTS `CAMIONEROS`;
/*!40101 SET @saved_cs_client     = @@character_set_client */;
/*!50503 SET character_set_client = utf8mb4 */;
CREATE TABLE `CAMIONEROS` (
  `DNI` int NOT NULL,
  `NOMBRE` varchar(45) DEFAULT NULL,
  `TELEFONO` int DEFAULT NULL,
  `SALARIO` int DEFAULT NULL,
  `DIRECCION` varchar(45) DEFAULT NULL,
  `CIUDAD` varchar(45) DEFAULT NULL,
  PRIMARY KEY (`DNI`)
) ENGINE=InnoDB DEFAULT CHARSET=utf8mb4 COLLATE=utf8mb4_0900_ai_ci;
/*!40101 SET character_set_client = @saved_cs_client */;

--
-- Dumping data for table `CAMIONEROS`
--

LOCK TABLES `CAMIONEROS` WRITE;
/*!40000 ALTER TABLE `CAMIONEROS` DISABLE KEYS */;
INSERT INTO `CAMIONEROS` VALUES (127583,'Lopez',37584765,550,'judera 284','Buenos Aires'),(542543,'Chano',34623324,660,'Htaet 1983','Florianopolis'),(5334555,'Juan',34535643,605,'General paz 255','Buenos Aires');
/*!40000 ALTER TABLE `CAMIONEROS` ENABLE KEYS */;
UNLOCK TABLES;

--
-- Table structure for table `CAMIONEROS_has_CAMIONES`
--

DROP TABLE IF EXISTS `CAMIONEROS_has_CAMIONES`;
/*!40101 SET @saved_cs_client     = @@character_set_client */;
/*!50503 SET character_set_client = utf8mb4 */;
CREATE TABLE `CAMIONEROS_has_CAMIONES` (
  `CAMIONEROS_DNI` int NOT NULL,
  `CAMIONES_MATRICULA` int NOT NULL,
  `DIA` date DEFAULT NULL,
  PRIMARY KEY (`CAMIONEROS_DNI`,`CAMIONES_MATRICULA`),
  KEY `fk_CAMIONEROS_has_CAMIONES_CAMIONES1_idx` (`CAMIONES_MATRICULA`),
  KEY `fk_CAMIONEROS_has_CAMIONES_CAMIONEROS1_idx` (`CAMIONEROS_DNI`),
  CONSTRAINT `fk_CAMIONEROS_has_CAMIONES_CAMIONEROS1` FOREIGN KEY (`CAMIONEROS_DNI`) REFERENCES `CAMIONEROS` (`DNI`),
  CONSTRAINT `fk_CAMIONEROS_has_CAMIONES_CAMIONES1` FOREIGN KEY (`CAMIONES_MATRICULA`) REFERENCES `CAMIONES` (`MATRICULA`)
) ENGINE=InnoDB DEFAULT CHARSET=utf8mb4 COLLATE=utf8mb4_0900_ai_ci;
/*!40101 SET character_set_client = @saved_cs_client */;

--
-- Dumping data for table `CAMIONEROS_has_CAMIONES`
--

LOCK TABLES `CAMIONEROS_has_CAMIONES` WRITE;
/*!40000 ALTER TABLE `CAMIONEROS_has_CAMIONES` DISABLE KEYS */;
INSERT INTO `CAMIONEROS_has_CAMIONES` VALUES (127583,1,'2023-04-26'),(5334555,1,'2022-04-26'),(5334555,345643,'2023-01-01');
/*!40000 ALTER TABLE `CAMIONEROS_has_CAMIONES` ENABLE KEYS */;
UNLOCK TABLES;

--
-- Table structure for table `CAMIONES`
--

DROP TABLE IF EXISTS `CAMIONES`;
/*!40101 SET @saved_cs_client     = @@character_set_client */;
/*!50503 SET character_set_client = utf8mb4 */;
CREATE TABLE `CAMIONES` (
  `MATRICULA` int NOT NULL,
  `MODELO` varchar(45) DEFAULT NULL,
  `POTENCIA` int DEFAULT NULL,
  `TIPO` varchar(45) DEFAULT NULL,
  PRIMARY KEY (`MATRICULA`)
) ENGINE=InnoDB DEFAULT CHARSET=utf8mb4 COLLATE=utf8mb4_0900_ai_ci;
/*!40101 SET character_set_client = @saved_cs_client */;

--
-- Dumping data for table `CAMIONES`
--

LOCK TABLES `CAMIONES` WRITE;
/*!40000 ALTER TABLE `CAMIONES` DISABLE KEYS */;
INSERT INTO `CAMIONES` VALUES (1,'Volkswagen',500,'Larga distancia'),(345643,'Renault',600,'Larga distancia'),(556344,'Volkswagen',250,'Local');
/*!40000 ALTER TABLE `CAMIONES` ENABLE KEYS */;
UNLOCK TABLES;

--
-- Table structure for table `CLIENTES`
--

DROP TABLE IF EXISTS `CLIENTES`;
/*!40101 SET @saved_cs_client     = @@character_set_client */;
/*!50503 SET character_set_client = utf8mb4 */;
CREATE TABLE `CLIENTES` (
  `DNI_CLIENTES` int NOT NULL,
  `NOMBRE_CLIENTES` varchar(45) DEFAULT NULL,
  `APELLIDOS_CLIENTES` varchar(45) DEFAULT NULL,
  `DIRECCION_CLIENTES` varchar(45) DEFAULT NULL,
  `NACIMIENTO_CLIENTES` date DEFAULT NULL,
  PRIMARY KEY (`DNI_CLIENTES`)
) ENGINE=InnoDB DEFAULT CHARSET=utf8mb4 COLLATE=utf8mb4_0900_ai_ci;
/*!40101 SET character_set_client = @saved_cs_client */;

--
-- Dumping data for table `CLIENTES`
--

LOCK TABLES `CLIENTES` WRITE;
/*!40000 ALTER TABLE `CLIENTES` DISABLE KEYS */;
INSERT INTO `CLIENTES` VALUES (11111111,'Javier','Milei','nose','1970-10-22'),(20567867,'Juan','perez','bogota 3005','2005-07-11'),(21567867,'Lopez','curte','admirante 187','2007-05-11');
/*!40000 ALTER TABLE `CLIENTES` ENABLE KEYS */;
UNLOCK TABLES;

--
-- Table structure for table `CLIENTES_has_PRODUCTOS`
--

DROP TABLE IF EXISTS `CLIENTES_has_PRODUCTOS`;
/*!40101 SET @saved_cs_client     = @@character_set_client */;
/*!50503 SET character_set_client = utf8mb4 */;
CREATE TABLE `CLIENTES_has_PRODUCTOS` (
  `CLIENTES_DNI_CLIENTES` int NOT NULL,
  `PRODUCTOS_CODIGO_PRODUCTOS` int NOT NULL,
  PRIMARY KEY (`CLIENTES_DNI_CLIENTES`,`PRODUCTOS_CODIGO_PRODUCTOS`),
  KEY `fk_CLIENTES_has_PRODUCTOS_PRODUCTOS1_idx` (`PRODUCTOS_CODIGO_PRODUCTOS`),
  KEY `fk_CLIENTES_has_PRODUCTOS_CLIENTES_idx` (`CLIENTES_DNI_CLIENTES`),
  CONSTRAINT `fk_CLIENTES_has_PRODUCTOS_CLIENTES` FOREIGN KEY (`CLIENTES_DNI_CLIENTES`) REFERENCES `CLIENTES` (`DNI_CLIENTES`),
  CONSTRAINT `fk_CLIENTES_has_PRODUCTOS_PRODUCTOS1` FOREIGN KEY (`PRODUCTOS_CODIGO_PRODUCTOS`) REFERENCES `PRODUCTOS` (`CODIGO_PRODUCTOS`)
) ENGINE=InnoDB DEFAULT CHARSET=utf8mb4 COLLATE=utf8mb4_0900_ai_ci;
/*!40101 SET character_set_client = @saved_cs_client */;

--
-- Dumping data for table `CLIENTES_has_PRODUCTOS`
--

LOCK TABLES `CLIENTES_has_PRODUCTOS` WRITE;
/*!40000 ALTER TABLE `CLIENTES_has_PRODUCTOS` DISABLE KEYS */;
INSERT INTO `CLIENTES_has_PRODUCTOS` VALUES (11111111,1),(20567867,1278237);
/*!40000 ALTER TABLE `CLIENTES_has_PRODUCTOS` ENABLE KEYS */;
UNLOCK TABLES;

--
-- Table structure for table `PAQUETES`
--

DROP TABLE IF EXISTS `PAQUETES`;
/*!40101 SET @saved_cs_client     = @@character_set_client */;
/*!50503 SET character_set_client = utf8mb4 */;
CREATE TABLE `PAQUETES` (
  `CODIGO` int NOT NULL,
  `DESC` varchar(45) DEFAULT NULL,
  `DESTINATARIO` varchar(45) DEFAULT NULL,
  `DIRECCION` varchar(45) DEFAULT NULL,
  `CAMIONEROS_DNI` int NOT NULL,
  `PROV_CODIGO` int NOT NULL,
  PRIMARY KEY (`CODIGO`),
  KEY `fk_PAQUETES_CAMIONEROS1_idx` (`CAMIONEROS_DNI`),
  KEY `fk_PAQUETES_PROV1_idx` (`PROV_CODIGO`),
  CONSTRAINT `fk_PAQUETES_CAMIONEROS1` FOREIGN KEY (`CAMIONEROS_DNI`) REFERENCES `CAMIONEROS` (`DNI`),
  CONSTRAINT `fk_PAQUETES_PROV1` FOREIGN KEY (`PROV_CODIGO`) REFERENCES `PROV` (`CODIGO`)
) ENGINE=InnoDB DEFAULT CHARSET=utf8mb4 COLLATE=utf8mb4_0900_ai_ci;
/*!40101 SET character_set_client = @saved_cs_client */;

--
-- Dumping data for table `PAQUETES`
--

LOCK TABLES `PAQUETES` WRITE;
/*!40000 ALTER TABLE `PAQUETES` DISABLE KEYS */;
INSERT INTO `PAQUETES` VALUES (4345,'Paquete','Carlos','gral paz 921',5334555,2),(23434,'Paquete','Juan','gral paz 921',127583,1);
/*!40000 ALTER TABLE `PAQUETES` ENABLE KEYS */;
UNLOCK TABLES;

--
-- Table structure for table `PROOVEDORES`
--

DROP TABLE IF EXISTS `PROOVEDORES`;
/*!40101 SET @saved_cs_client     = @@character_set_client */;
/*!50503 SET character_set_client = utf8mb4 */;
CREATE TABLE `PROOVEDORES` (
  `DNI_PROOVEDORES` int NOT NULL,
  `NOMBRE_PROOVEDORES` varchar(45) DEFAULT NULL,
  `DIRECCION_PROOVEDORES` varchar(45) DEFAULT NULL,
  PRIMARY KEY (`DNI_PROOVEDORES`)
) ENGINE=InnoDB DEFAULT CHARSET=utf8mb4 COLLATE=utf8mb4_0900_ai_ci;
/*!40101 SET character_set_client = @saved_cs_client */;

--
-- Dumping data for table `PROOVEDORES`
--

LOCK TABLES `PROOVEDORES` WRITE;
/*!40000 ALTER TABLE `PROOVEDORES` DISABLE KEYS */;
INSERT INTO `PROOVEDORES` VALUES (101010,'Pizzas pepito','308 negra arroyo lane'),(202020,'Empanadas y mas','Faerye 657'),(303030,'Medialunas de la abuela','constituyentes 335');
/*!40000 ALTER TABLE `PROOVEDORES` ENABLE KEYS */;
UNLOCK TABLES;

--
-- Table structure for table `PROV`
--

DROP TABLE IF EXISTS `PROV`;
/*!40101 SET @saved_cs_client     = @@character_set_client */;
/*!50503 SET character_set_client = utf8mb4 */;
CREATE TABLE `PROV` (
  `CODIGO` int NOT NULL,
  `NOMBRE` varchar(45) DEFAULT NULL,
  PRIMARY KEY (`CODIGO`)
) ENGINE=InnoDB DEFAULT CHARSET=utf8mb4 COLLATE=utf8mb4_0900_ai_ci;
/*!40101 SET character_set_client = @saved_cs_client */;

--
-- Dumping data for table `PROV`
--

LOCK TABLES `PROV` WRITE;
/*!40000 ALTER TABLE `PROV` DISABLE KEYS */;
INSERT INTO `PROV` VALUES (1,'Buenos Aires'),(2,'Santiago del Estero'),(3,'Entre rios');
/*!40000 ALTER TABLE `PROV` ENABLE KEYS */;
UNLOCK TABLES;
/*!40103 SET TIME_ZONE=@OLD_TIME_ZONE */;

/*!40101 SET SQL_MODE=@OLD_SQL_MODE */;
/*!40014 SET FOREIGN_KEY_CHECKS=@OLD_FOREIGN_KEY_CHECKS */;
/*!40014 SET UNIQUE_CHECKS=@OLD_UNIQUE_CHECKS */;
/*!40101 SET CHARACTER_SET_CLIENT=@OLD_CHARACTER_SET_CLIENT */;
/*!40101 SET CHARACTER_SET_RESULTS=@OLD_CHARACTER_SET_RESULTS */;
/*!40101 SET COLLATION_CONNECTION=@OLD_COLLATION_CONNECTION */;
/*!40111 SET SQL_NOTES=@OLD_SQL_NOTES */;

-- Dump completed on 2024-04-26 17:43:27
